USE db_Biblioteca
GO
-- INSERCION DE DATOS A LA TABLA PERSONA
INSERT INTO dbo.tbl_persona (dni_persona, nomb_persona, apel_persona, sexo_persona, email_persona, tel_persona, foto_persona, estado_persona)
VALUES ('46823896', 'lisbeth', 'espinoza', 'F', 'lxlisyxl@gmail.com', '988700016', 'imagenes/fotonro01.jpg', 'Activo')
INSERT INTO dbo.tbl_persona (dni_persona, nomb_persona, apel_persona, sexo_persona, email_persona, tel_persona, foto_persona, estado_persona)
VALUES ('48523671', 'Flor', 'Caceres', 'F', 'florcaceres@gmail.com', '952848827', 'imagenes/fotonro02.jpg', 'Activo')
INSERT INTO dbo.tbl_persona (dni_persona, nomb_persona, apel_persona, sexo_persona, email_persona, tel_persona, foto_persona, estado_persona)
VALUES ('45381357', 'Nelia', 'Linarez', 'F', 'nelialinares@gmail.com', '984625700', 'imagenes/fotonro03.jpg', 'Activo')
INSERT INTO dbo.tbl_persona (dni_persona, nomb_persona, apel_persona, sexo_persona, email_persona, tel_persona, foto_persona, estado_persona)
VALUES ('48315960', 'Cesar', 'Miranda', 'M', 'cesarmiranda@gmail.com', '975482610', 'imagenes/fotonro04.jpg', 'Activo')
INSERT INTO dbo.tbl_persona (dni_persona, nomb_persona, apel_persona, sexo_persona, email_persona, tel_persona, foto_persona, estado_persona)
VALUES ('28465219', 'Hugo', 'Condori', 'M', 'hugocondori@gmail.com', '978520051', 'imagenes/fotonro05.jpg', 'Activo')
INSERT INTO dbo.tbl_persona (dni_persona, nomb_persona, apel_persona, sexo_persona, email_persona, tel_persona, foto_persona, estado_persona)
VALUES ('18293847', 'Carolina', 'Tapia', 'F', 'carotapia@gmail.com', '912871243', 'imagenes/fotonro06.jpg', 'Activo')
INSERT INTO dbo.tbl_persona (dni_persona, nomb_persona, apel_persona, sexo_persona, email_persona, tel_persona, foto_persona, estado_persona)
VALUES ('88364625', 'Richard', 'Fernandez', 'M', 'rfernandez@gmail.com', '997574325', 'imagenes/fotonro07.jpg', 'Activo')
INSERT INTO dbo.tbl_persona (dni_persona, nomb_persona, apel_persona, sexo_persona, email_persona, tel_persona, foto_persona, estado_persona)
VALUES ('55343233', 'Diana', 'Fiuster', 'F', 'diananfiu@gmail.com', '915474364', 'imagenes/fotonro08.jpg', 'Activo')
INSERT INTO dbo.tbl_persona (dni_persona, nomb_persona, apel_persona, sexo_persona, email_persona, tel_persona, foto_persona, estado_persona)
VALUES ('29487574', 'Karen', 'Saavedra', 'F', 'saavedrak@gmail.com', '987263947', 'imagenes/fotonro09.jpg', 'Activo')
INSERT INTO dbo.tbl_persona (dni_persona, nomb_persona, apel_persona, sexo_persona, email_persona, tel_persona, foto_persona, estado_persona)
VALUES ('34553535', 'Mirtha', 'Flores', 'F', 'mirthaflo@gmail.com', '987125432', 'imagenes/fotonro10.jpg', 'Activo')
INSERT INTO dbo.tbl_persona (dni_persona, nomb_persona, apel_persona, sexo_persona, email_persona, tel_persona, foto_persona, estado_persona)
VALUES ('88237473', 'Lorenzo', 'Gutierrez', 'M', 'lorenzogu@gmail.com', '964642364', 'imagenes/fotonro11.jpg', 'Activo')
INSERT INTO dbo.tbl_persona (dni_persona, nomb_persona, apel_persona, sexo_persona, email_persona, tel_persona, foto_persona, estado_persona)
VALUES ('97665646', 'Micaela', 'Sanchez', 'F', 'misanchez@gmail.com', '997652354', 'imagenes/fotonro12.jpg', 'Inactivo')
INSERT INTO dbo.tbl_persona (dni_persona, nomb_persona, apel_persona, sexo_persona, email_persona, tel_persona, foto_persona, estado_persona)
VALUES ('23455564', 'Flavia', 'Cutipa', 'F', 'flacutipa@gmail.com', '912452365', 'imagenes/fotonro13.jpg', 'Activo')
INSERT INTO dbo.tbl_persona (dni_persona, nomb_persona, apel_persona, sexo_persona, email_persona, tel_persona, foto_persona, estado_persona)
VALUES ('47567678', 'Carmen', 'Mamani', 'F', 'camamani@gmail.com', '984323476', 'imagenes/fotonro14.jpg', 'Activo')
INSERT INTO dbo.tbl_persona (dni_persona, nomb_persona, apel_persona, sexo_persona, email_persona, tel_persona, foto_persona, estado_persona)
VALUES ('56767445', 'Patricio', 'Salazar', 'M', 'salazarpa@gmail.com', '998123456', 'imagenes/fotonro15.jpg', 'Inactivo')
INSERT INTO dbo.tbl_persona (dni_persona, nomb_persona, apel_persona, sexo_persona, email_persona, tel_persona, foto_persona, estado_persona)
VALUES ('56786544', 'Sonia', 'Linarez', 'F', 'linarezne@gmail.com', '968632433', 'imagenes/fotonro16.jpg', 'Activo')
INSERT INTO dbo.tbl_persona (dni_persona, nomb_persona, apel_persona, sexo_persona, email_persona, tel_persona, foto_persona, estado_persona)
VALUES ('87652637', 'Ronaldo', 'Rodriguez', 'M', 'ronaldoro@gmail.com', '912467344', 'imagenes/fotonro17.jpg', 'Activo')
INSERT INTO dbo.tbl_persona (dni_persona, nomb_persona, apel_persona, sexo_persona, email_persona, tel_persona, foto_persona, estado_persona)
VALUES ('17652837', 'Luis', 'Cahuana', 'M', 'luiscahuana@gmail.com', '935634524', 'imagenes/fotonro18.jpg', 'Activo')
INSERT INTO dbo.tbl_persona (dni_persona, nomb_persona, apel_persona, sexo_persona, email_persona, tel_persona, foto_persona, estado_persona)
VALUES ('98764263', 'Cesar', 'Miranda', 'M', 'cesarmiranda@gmail.com', '986435276', 'imagenes/fotonro19.jpg', 'Activo')
INSERT INTO dbo.tbl_persona (dni_persona, nomb_persona, apel_persona, sexo_persona, email_persona, tel_persona, foto_persona, estado_persona)
VALUES ('12653578', 'Fabricio', 'Castro', 'M', 'castrofa@gmail.com', '982837289', 'imagenes/fotonro20.jpg', 'Activo')
GO

-- INSERCION DE DATOS A LA TABLA TIPO USUARIO
INSERT INTO dbo.tbl_tipo_usuario (desc_tipo) VALUES ('Administrador')
INSERT INTO dbo.tbl_tipo_usuario (desc_tipo) VALUES ('Bibliotecario')
INSERT INTO dbo.tbl_tipo_usuario (desc_tipo) VALUES ('Administrativo')
INSERT INTO dbo.tbl_tipo_usuario (desc_tipo) VALUES ('Academico')
INSERT INTO dbo.tbl_tipo_usuario (desc_tipo) VALUES ('Externo')
GO

-- INSERCION DE DATOS A LA TABLA USUARIO
INSERT INTO dbo.tbl_usuario (cod_persona, nomb_usuario, pass_usuario, id_tipo, estado_usuario)
VALUES (1, 'LizEspinoza', '123456', 1, 'Activo')
INSERT INTO dbo.tbl_usuario (cod_persona, nomb_usuario, pass_usuario, id_tipo, estado_usuario)
VALUES (2, 'FloCaceres', '123456', 2, 'Activo')
INSERT INTO dbo.tbl_usuario (cod_persona, nomb_usuario, pass_usuario, id_tipo, estado_usuario)
VALUES (3, 'NelLinarez', '123456', 4, 'Activo')
INSERT INTO dbo.tbl_usuario (cod_persona, nomb_usuario, pass_usuario, id_tipo, estado_usuario)
VALUES (4, 'CesMiranda', '123456', 1, 'Activo')
INSERT INTO dbo.tbl_usuario (cod_persona, nomb_usuario, pass_usuario, id_tipo, estado_usuario)
VALUES (5, 'HugCondori', '123456', 2, 'Activo')
INSERT INTO dbo.tbl_usuario (cod_persona, nomb_usuario, pass_usuario, id_tipo, estado_usuario)
VALUES (6, 'CarTapia', '123456', 4, 'Activo')
INSERT INTO dbo.tbl_usuario (cod_persona, nomb_usuario, pass_usuario, id_tipo, estado_usuario)
VALUES (7, 'RicFernandez', '123456', 4, 'Activo')
INSERT INTO dbo.tbl_usuario (cod_persona, nomb_usuario, pass_usuario, id_tipo, estado_usuario)
VALUES (8, 'DiaFiuster', '123456', 2, 'Activo')
INSERT INTO dbo.tbl_usuario (cod_persona, nomb_usuario, pass_usuario, id_tipo, estado_usuario)
VALUES (9, 'KarSaavedra', '123456', 4, 'Activo')
INSERT INTO dbo.tbl_usuario (cod_persona, nomb_usuario, pass_usuario, id_tipo, estado_usuario)
VALUES (10, 'MirFlores', '123456', 1, 'Activo')
INSERT INTO dbo.tbl_usuario (cod_persona, nomb_usuario, pass_usuario, id_tipo, estado_usuario)
VALUES (11, 'LorGutierrez', '123456', 4, 'Activo')
INSERT INTO dbo.tbl_usuario (cod_persona, nomb_usuario, pass_usuario, id_tipo, estado_usuario)
VALUES (12, 'MicSanchez', '123456', 1, 'Inactivo')
INSERT INTO dbo.tbl_usuario (cod_persona, nomb_usuario, pass_usuario, id_tipo, estado_usuario)
VALUES (13, 'FlaCutipa', '123456', 1, 'Activo')
INSERT INTO dbo.tbl_usuario (cod_persona, nomb_usuario, pass_usuario, id_tipo, estado_usuario)
VALUES (14, 'CarMamani', '123456', 3, 'Activo')
INSERT INTO dbo.tbl_usuario (cod_persona, nomb_usuario, pass_usuario, id_tipo, estado_usuario)
VALUES (15, 'PatSalazar', '123456', 4, 'Inactivo')
INSERT INTO dbo.tbl_usuario (cod_persona, nomb_usuario, pass_usuario, id_tipo, estado_usuario)
VALUES (16, 'SonLinarez', '123456', 4, 'Activo')
INSERT INTO dbo.tbl_usuario (cod_persona, nomb_usuario, pass_usuario, id_tipo, estado_usuario)
VALUES (17, 'RonRodriguez', '123456', 2, 'Activo')
INSERT INTO dbo.tbl_usuario (cod_persona, nomb_usuario, pass_usuario, id_tipo, estado_usuario)
VALUES (18, 'LuiCahuana', '123456', 1, 'Activo')
INSERT INTO dbo.tbl_usuario (cod_persona, nomb_usuario, pass_usuario, id_tipo, estado_usuario)
VALUES (19, 'CesMiranda', '123456', 4, 'Activo')
INSERT INTO dbo.tbl_usuario (cod_persona, nomb_usuario, pass_usuario, id_tipo, estado_usuario)
VALUES (20, 'FabCastro', '123456', 3, 'Activo')
GO

-- INSERCION DE DATOS A LA TABLA AUTOR
INSERT INTO dbo.tbl_autor (nom_autor, apel_autor) VALUES ('Alison', 'Gomez')
INSERT INTO dbo.tbl_autor (nom_autor, apel_autor) VALUES ('Melissa', 'Toledo')
INSERT INTO dbo.tbl_autor (nom_autor, apel_autor) VALUES ('Silvia', 'Acero')
INSERT INTO dbo.tbl_autor (nom_autor, apel_autor) VALUES ('Raquel', 'Celaya')
INSERT INTO dbo.tbl_autor (nom_autor, apel_autor) VALUES ('Martha', 'Galindo')
INSERT INTO dbo.tbl_autor (nom_autor, apel_autor) VALUES ('Lucia', 'Mamani')
INSERT INTO dbo.tbl_autor (nom_autor, apel_autor) VALUES ('Eva', 'Flores')
INSERT INTO dbo.tbl_autor (nom_autor, apel_autor) VALUES ('Aracely', 'Peres')
INSERT INTO dbo.tbl_autor (nom_autor, apel_autor) VALUES ('Sara', 'Gimenes')
INSERT INTO dbo.tbl_autor (nom_autor, apel_autor) VALUES ('Paula', 'Milan')
INSERT INTO dbo.tbl_autor (nom_autor, apel_autor) VALUES ('Maria', 'Molina')
INSERT INTO dbo.tbl_autor (nom_autor, apel_autor) VALUES ('Laura', 'Ramires')
INSERT INTO dbo.tbl_autor (nom_autor, apel_autor) VALUES ('Elena', 'Prado')
INSERT INTO dbo.tbl_autor (nom_autor, apel_autor) VALUES ('Sergio', 'Rea')
INSERT INTO dbo.tbl_autor (nom_autor, apel_autor) VALUES ('Jose', 'Tello')
INSERT INTO dbo.tbl_autor (nom_autor, apel_autor) VALUES ('Javier', 'Venal')
INSERT INTO dbo.tbl_autor (nom_autor, apel_autor) VALUES ('David', 'Salas')
INSERT INTO dbo.tbl_autor (nom_autor, apel_autor) VALUES ('Carlos', 'Vadillo')
INSERT INTO dbo.tbl_autor (nom_autor, apel_autor) VALUES ('Pablo', 'Villegas')
INSERT INTO dbo.tbl_autor (nom_autor, apel_autor) VALUES ('Jorge', 'Franco')
GO


-- INSERCION DE DATOS A LA TABLA EDITORIAL
INSERT INTO dbo.tbl_editorial (nomb_editorial, dir_editorial, tel_editorial) VALUES ('Alpha Decay', 'Av.', '321-4852')
INSERT INTO dbo.tbl_editorial (nomb_editorial, dir_editorial, tel_editorial) VALUES ('Almadia', '', '582-1592')
INSERT INTO dbo.tbl_editorial (nomb_editorial, dir_editorial, tel_editorial) VALUES ('Alba', '', '123-1485')
INSERT INTO dbo.tbl_editorial (nomb_editorial, dir_editorial, tel_editorial) VALUES ('Akal', '', '313-2504')
INSERT INTO dbo.tbl_editorial (nomb_editorial, dir_editorial, tel_editorial) VALUES ('Aguilar', '', '121-7548')
INSERT INTO dbo.tbl_editorial (nomb_editorial, dir_editorial, tel_editorial) VALUES ('Acantilado', '', '458-8520')
INSERT INTO dbo.tbl_editorial (nomb_editorial, dir_editorial, tel_editorial) VALUES ('Editorial planeta', '', '012-5006')
INSERT INTO dbo.tbl_editorial (nomb_editorial, dir_editorial, tel_editorial) VALUES ('Anagrama', '', '002-1521')
INSERT INTO dbo.tbl_editorial (nomb_editorial, dir_editorial, tel_editorial) VALUES ('Aladena', '', '121-5200')
INSERT INTO dbo.tbl_editorial (nomb_editorial, dir_editorial, tel_editorial) VALUES ('Editorial Edebe', '', '051-2585')
INSERT INTO dbo.tbl_editorial (nomb_editorial, dir_editorial, tel_editorial) VALUES ('Ediciones', '', '152-2104')
INSERT INTO dbo.tbl_editorial (nomb_editorial, dir_editorial, tel_editorial) VALUES ('Editorial Encuentro', '', '102-1210')
INSERT INTO dbo.tbl_editorial (nomb_editorial, dir_editorial, tel_editorial) VALUES ('Electa', '', '121-1542')
INSERT INTO dbo.tbl_editorial (nomb_editorial, dir_editorial, tel_editorial) VALUES ('Editorial Conecta', '', '100-0524')
INSERT INTO dbo.tbl_editorial (nomb_editorial, dir_editorial, tel_editorial) VALUES ('Bubok', '', '001-4852')
INSERT INTO dbo.tbl_editorial (nomb_editorial, dir_editorial, tel_editorial) VALUES ('Adarve', '', '140-0520')
INSERT INTO dbo.tbl_editorial (nomb_editorial, dir_editorial, tel_editorial) VALUES ('Alfaguara', '', '250-4625')
INSERT INTO dbo.tbl_editorial (nomb_editorial, dir_editorial, tel_editorial) VALUES ('Grupo Anaya', '', '450-1523')
INSERT INTO dbo.tbl_editorial (nomb_editorial, dir_editorial, tel_editorial) VALUES ('Amazonas', '', '121-2582')
INSERT INTO dbo.tbl_editorial (nomb_editorial, dir_editorial, tel_editorial) VALUES ('Las Praderas', '', '012-1234')
GO


-- INSERCION DE DATOS A LA TABLA EDICION

INSERT INTO tbl_edicion (num_edicion,num_ISBN,año_publicacion) VALUES ('2 Edicion','977-123-12-4567-1','1990');
INSERT INTO tbl_edicion (num_edicion,num_ISBN,año_publicacion) VALUES ('1 Edicion','975-244-12-4567-2','2012');
INSERT INTO tbl_edicion (num_edicion,num_ISBN,año_publicacion) VALUES ('1 Edicion','973-242-12-4567-3','2001');
INSERT INTO tbl_edicion (num_edicion,num_ISBN,año_publicacion) VALUES ('3 Edicion','977-555-12-4567-4','1995');
INSERT INTO tbl_edicion (num_edicion,num_ISBN,año_publicacion) VALUES ('5 Edicion','972-532-12-4567-5','1993');
INSERT INTO tbl_edicion (num_edicion,num_ISBN,año_publicacion) VALUES ('2 Edicion','979-111-12-4567-6','1991');
INSERT INTO tbl_edicion (num_edicion,num_ISBN,año_publicacion) VALUES ('1 Edicion','972-174-12-4567-7','1998');
INSERT INTO tbl_edicion (num_edicion,num_ISBN,año_publicacion) VALUES ('2 Edicion','974-143-12-4567-8','2001');
INSERT INTO tbl_edicion (num_edicion,num_ISBN,año_publicacion) VALUES ('3 Edicion','979-242-12-4567-9','2000');
INSERT INTO tbl_edicion (num_edicion,num_ISBN,año_publicacion) VALUES ('5 Edicion','974-864-12-4567-1','1999');
INSERT INTO tbl_edicion (num_edicion,num_ISBN,año_publicacion) VALUES ('4 Edicion','973-254-12-4567-2','1998');
INSERT INTO tbl_edicion (num_edicion,num_ISBN,año_publicacion) VALUES ('1 Edicion','975-255-12-4567-3','2016');
INSERT INTO tbl_edicion (num_edicion,num_ISBN,año_publicacion) VALUES ('7 Edicion','972-532-12-4567-4','2008');
INSERT INTO tbl_edicion (num_edicion,num_ISBN,año_publicacion) VALUES ('9 Edicion','975-245-12-4567-5','2015');
INSERT INTO tbl_edicion (num_edicion,num_ISBN,año_publicacion) VALUES ('3 Edicion','978-564-12-4567-6','2015');
INSERT INTO tbl_edicion (num_edicion,num_ISBN,año_publicacion) VALUES ('2 Edicion','979-722-12-4567-7','2007');
INSERT INTO tbl_edicion (num_edicion,num_ISBN,año_publicacion) VALUES ('6 Edicion','977-754-12-4567-8','2005');
INSERT INTO tbl_edicion (num_edicion,num_ISBN,año_publicacion) VALUES ('3 Edicion','976-676-12-4567-9','2003');
INSERT INTO tbl_edicion (num_edicion,num_ISBN,año_publicacion) VALUES ('2 Edicion','975-234-12-4567-1','1997');
INSERT INTO tbl_edicion (num_edicion,num_ISBN,año_publicacion) VALUES ('7 Edicion','971-132-12-4567-2','2002');
GO



-- INSERCION DE DATOS A LA TABLA CATEGORIA

INSERT INTO tbl_categoria (nomb_categoria) VALUES ('Arquitectura y Urbanismo');
INSERT INTO tbl_categoria (nomb_categoria) VALUES ('Ciencias de la Salud');
INSERT INTO tbl_categoria (nomb_categoria) VALUES ('Ingenieria');
INSERT INTO tbl_categoria (nomb_categoria) VALUES ('Arquitectura y Urbanismo');
INSERT INTO tbl_categoria (nomb_categoria) VALUES ('Ciencias Empresariales');
INSERT INTO tbl_categoria (nomb_categoria) VALUES ('Ingenieria');
INSERT INTO tbl_categoria (nomb_categoria) VALUES ('Arquitectura y Urbanismo');
INSERT INTO tbl_categoria (nomb_categoria) VALUES ('Educacion Cs Cc y H');
INSERT INTO tbl_categoria (nomb_categoria) VALUES ('Ciencias de la Salud');
INSERT INTO tbl_categoria (nomb_categoria) VALUES ('Derecho y Cs Politicas');
INSERT INTO tbl_categoria (nomb_categoria) VALUES ('Ingenieria');
INSERT INTO tbl_categoria (nomb_categoria) VALUES ('Ciencias Empresariales');
INSERT INTO tbl_categoria (nomb_categoria) VALUES ('Ciencias Empresariales');
INSERT INTO tbl_categoria (nomb_categoria) VALUES ('Ciencias de la Salud');
INSERT INTO tbl_categoria (nomb_categoria) VALUES ('Educacion Cs Cc y H');
INSERT INTO tbl_categoria (nomb_categoria) VALUES ('Derecho y Cs Politicas');
INSERT INTO tbl_categoria (nomb_categoria) VALUES ('Ciencias Empresariales');
INSERT INTO tbl_categoria (nomb_categoria) VALUES ('Derecho y Cs Politicas');
INSERT INTO tbl_categoria (nomb_categoria) VALUES ('Ciencias de la Salud');
INSERT INTO tbl_categoria (nomb_categoria) VALUES ('Educacion Cs Cc y H');
GO


-- INSERCION DE DATOS A LA TABLA LIBRO

INSERT INTO tbl_Libro (id_autor, id_editorial,id_edicion, id_categoria, tit_libro , subtit_libro , estado_libro , idioma_libro , num_pag_libro , num_ejemplares) VALUES (1,1,1,1,'Harry Potter','Caliza de Fuego','Activo','Ingles',520,3);
INSERT INTO tbl_Libro (id_autor, id_editorial,id_edicion, id_categoria, tit_libro , subtit_libro , estado_libro , idioma_libro , num_pag_libro , num_ejemplares) VALUES (2,2,2,2,'Los Perros duros no bailan','','Inactivo','Español',120,10);
INSERT INTO tbl_Libro (id_autor, id_editorial,id_edicion, id_categoria, tit_libro , subtit_libro , estado_libro , idioma_libro , num_pag_libro , num_ejemplares) VALUES (3,3,3,3,'Que nadie duerma','','Activo','Español',400,3);
INSERT INTO tbl_Libro (id_autor, id_editorial,id_edicion, id_categoria, tit_libro , subtit_libro , estado_libro , idioma_libro , num_pag_libro , num_ejemplares) VALUES (4,4,4,4,'Una columna de fuego','','Activo','Español',344,6);
INSERT INTO tbl_Libro (id_autor, id_editorial,id_edicion, id_categoria, tit_libro , subtit_libro , estado_libro , idioma_libro , num_pag_libro , num_ejemplares) VALUES (5,5,5,5,'Eva','','Activo','Español',183,1);
INSERT INTO tbl_Libro (id_autor, id_editorial,id_edicion, id_categoria, tit_libro , subtit_libro , estado_libro , idioma_libro , num_pag_libro , num_ejemplares) VALUES (6,6,6,6,'Origen','','Activo','Español',345,3);
INSERT INTO tbl_Libro (id_autor, id_editorial,id_edicion, id_categoria, tit_libro , subtit_libro , estado_libro , idioma_libro , num_pag_libro , num_ejemplares) VALUES (7,7,7,7,'Las hijas del capitan','','Inactivo','Español',104,7);
INSERT INTO tbl_Libro (id_autor, id_editorial,id_edicion, id_categoria, tit_libro , subtit_libro , estado_libro , idioma_libro , num_pag_libro , num_ejemplares) VALUES (8,8,8,8,'Sabotaje','','Activo','Español',182,5);
INSERT INTO tbl_Libro (id_autor, id_editorial,id_edicion, id_categoria, tit_libro , subtit_libro , estado_libro , idioma_libro , num_pag_libro , num_ejemplares) VALUES (9,9,9,9,'Madera de heroe','','Activo','Español',755,3);
INSERT INTO tbl_Libro (id_autor, id_editorial,id_edicion, id_categoria, tit_libro , subtit_libro , estado_libro , idioma_libro , num_pag_libro , num_ejemplares) VALUES (10,10,10,10,'El salto de Papá','Prologo de Claudia Piñeiro','Activo','Ingles',132,2);
INSERT INTO tbl_Libro (id_autor, id_editorial,id_edicion, id_categoria, tit_libro , subtit_libro , estado_libro , idioma_libro , num_pag_libro , num_ejemplares) VALUES (11,11,11,11,'Mujeres en la oscuridad','','Inactivo','Español',120,3);
INSERT INTO tbl_Libro (id_autor, id_editorial,id_edicion, id_categoria, tit_libro , subtit_libro , estado_libro , idioma_libro , num_pag_libro , num_ejemplares) VALUES (12,12,12,12,'El rey recibe','','Activo','Español',168,10);
INSERT INTO tbl_Libro (id_autor, id_editorial,id_edicion, id_categoria, tit_libro , subtit_libro , estado_libro , idioma_libro , num_pag_libro , num_ejemplares) VALUES (13,13,13,13,'El ultimo sueño','','Activo','Español',357,7);
INSERT INTO tbl_Libro (id_autor, id_editorial,id_edicion, id_categoria, tit_libro , subtit_libro , estado_libro , idioma_libro , num_pag_libro , num_ejemplares) VALUES (14,14,14,14,'El sol y sus flores','Rupi Kaur','Activo','Español',632,6);
INSERT INTO tbl_Libro (id_autor, id_editorial,id_edicion, id_categoria, tit_libro , subtit_libro , estado_libro , idioma_libro , num_pag_libro , num_ejemplares) VALUES (15,15,15,15,'21 lecciones para el siglo XXI','','Activo','Español',964,3);
INSERT INTO tbl_Libro (id_autor, id_editorial,id_edicion, id_categoria, tit_libro , subtit_libro , estado_libro , idioma_libro , num_pag_libro , num_ejemplares) VALUES (16,16,16,16,'Soy una mamá divorciada y alocada','','Activo','Español',174,4);
INSERT INTO tbl_Libro (id_autor, id_editorial,id_edicion, id_categoria, tit_libro , subtit_libro , estado_libro , idioma_libro , num_pag_libro , num_ejemplares) VALUES (17,17,17,17,'Firmamento','','Activo','Español',275,1);
INSERT INTO tbl_Libro (id_autor, id_editorial,id_edicion, id_categoria, tit_libro , subtit_libro , estado_libro , idioma_libro , num_pag_libro , num_ejemplares) VALUES (18,18,18,18,'100 años de soledad','','Activo','Español',125,8);
INSERT INTO tbl_Libro (id_autor, id_editorial,id_edicion, id_categoria, tit_libro , subtit_libro , estado_libro , idioma_libro , num_pag_libro , num_ejemplares) VALUES (19,19,19,19,'Memoria por correspondencia','','Inactivo','Español',186,5);
INSERT INTO tbl_Libro (id_autor, id_editorial,id_edicion, id_categoria, tit_libro , subtit_libro , estado_libro , idioma_libro , num_pag_libro , num_ejemplares) VALUES (20,20,20,20,'El amor en los tiempos del colera','','Inactivo','Español',186,5);
go

-- INSERCION DE DATOS A LA TABLA EJEMPLAR
INSERT INTO tbl_ejemplar ( id_libro, estado_ejemplar, conserv_ejemplar, ciclo, Fecha_Adquirido, Fecha_Registrado) VALUES 
(1, 'Disponible', 'Libro en buen estado', '2010-I', '01/02/1999', '02/03/1999') 
INSERT INTO tbl_ejemplar ( id_libro, estado_ejemplar, conserv_ejemplar, ciclo, Fecha_Adquirido, Fecha_Registrado) VALUES 
(2, 'Disponible', 'Libro en buen estado', '2010-II', '04/01/1999', '05/03/1999') 
INSERT INTO tbl_ejemplar ( id_libro, estado_ejemplar, conserv_ejemplar, ciclo, Fecha_Adquirido, Fecha_Registrado) VALUES 
(3, 'Disponible', 'Libro en buen estado', '2011-I', '06/02/1999', '06/12/1999') 
INSERT INTO tbl_ejemplar ( id_libro, estado_ejemplar, conserv_ejemplar, ciclo, Fecha_Adquirido, Fecha_Registrado) VALUES 
(4, 'Disponible', 'Libro en buen estado', '2011-II', '07/04/1999', '07/12/1999') 
INSERT INTO tbl_ejemplar ( id_libro, estado_ejemplar, conserv_ejemplar, ciclo, Fecha_Adquirido, Fecha_Registrado) VALUES 
(5, 'Disponible', 'Libro en buen estado', '2012-I', '05/02/2011', '02/03/2011') 
INSERT INTO tbl_ejemplar ( id_libro, estado_ejemplar, conserv_ejemplar, ciclo, Fecha_Adquirido, Fecha_Registrado) VALUES 
(6, 'Disponible', 'Libro en buen estado', '2012-II', '01/02/2011', '02/03/2011') 
INSERT INTO tbl_ejemplar ( id_libro, estado_ejemplar, conserv_ejemplar, ciclo, Fecha_Adquirido, Fecha_Registrado) VALUES 
(7, 'Disponible', 'Libro en buen estado', '2013-I', '04/04/2011', '05/05/2011') 
INSERT INTO tbl_ejemplar ( id_libro, estado_ejemplar, conserv_ejemplar, ciclo, Fecha_Adquirido, Fecha_Registrado) VALUES 
(8, 'Disponible', 'Libro en buen estado', '2013-II', '04/04/2011', '05/12/2011') 
INSERT INTO tbl_ejemplar ( id_libro, estado_ejemplar, conserv_ejemplar, ciclo, Fecha_Adquirido, Fecha_Registrado) VALUES 
(9, 'Disponible', 'Libro en buen estado', '2014-I', '05/11/2012', '05/01/2012') 
INSERT INTO tbl_ejemplar ( id_libro, estado_ejemplar, conserv_ejemplar, ciclo, Fecha_Adquirido, Fecha_Registrado) VALUES 
(10, 'Disponible', 'Libro en buen estado', '2014-II', '06/02/2012', '06/04/2012') 
INSERT INTO tbl_ejemplar ( id_libro, estado_ejemplar, conserv_ejemplar, ciclo, Fecha_Adquirido, Fecha_Registrado) VALUES 
(11, 'Disponible', 'Libro en buen estado', '2015-I', '07/12/2013', '08/03/2013') 
INSERT INTO tbl_ejemplar ( id_libro, estado_ejemplar, conserv_ejemplar, ciclo, Fecha_Adquirido, Fecha_Registrado) VALUES 
(12, 'Disponible', 'Libro en buen estado', '2015-II', '08/02/2013', '08/09/2013') 
INSERT INTO tbl_ejemplar ( id_libro, estado_ejemplar, conserv_ejemplar, ciclo, Fecha_Adquirido, Fecha_Registrado) VALUES 
(13, 'Disponible', 'Libro en buen estado', '2016-I', '09/02/2014', '09/08/2014') 
INSERT INTO tbl_ejemplar ( id_libro, estado_ejemplar, conserv_ejemplar, ciclo, Fecha_Adquirido, Fecha_Registrado) VALUES 
(14, 'Disponible', 'Libro en buen estado', '2016-II', '10/02/2014', '11/03/2014') 
INSERT INTO tbl_ejemplar ( id_libro, estado_ejemplar, conserv_ejemplar, ciclo, Fecha_Adquirido, Fecha_Registrado) VALUES 
(15, 'Disponible', 'Libro en buen estado', '2017-I', '04/02/2015', '04/03/2015') 
INSERT INTO tbl_ejemplar ( id_libro, estado_ejemplar, conserv_ejemplar, ciclo, Fecha_Adquirido, Fecha_Registrado) VALUES 
(16, 'Disponible', 'Libro en buen estado', '2017-II', '05/02/2015', '06/03/2015') 
INSERT INTO tbl_ejemplar ( id_libro, estado_ejemplar, conserv_ejemplar, ciclo, Fecha_Adquirido, Fecha_Registrado) VALUES 
(17, 'Disponible', 'Libro en buen estado', '2018-I', '07/02/2015', '07/06/2015') 
INSERT INTO tbl_ejemplar ( id_libro, estado_ejemplar, conserv_ejemplar, ciclo, Fecha_Adquirido, Fecha_Registrado) VALUES 
(18, 'Disponible', 'Libro en buen estado', '2018-I', '08/02/2015', '09/03/2015') 
INSERT INTO tbl_ejemplar ( id_libro, estado_ejemplar, conserv_ejemplar, ciclo, Fecha_Adquirido, Fecha_Registrado) VALUES 
(19, 'Disponible', 'Libro en buen estado', '2018-II', '10/02/2015', '11/03/2015') 
INSERT INTO tbl_ejemplar ( id_libro, estado_ejemplar, conserv_ejemplar, ciclo, Fecha_Adquirido, Fecha_Registrado) VALUES 
(20, 'Disponible', 'Libro en buen estado', '2018-II', '01/02/2016', '02/03/2016') 
GO


select *from tbl_ejemplar


-- INSERCION DE DATOS A LA TABLA FAVORITOS
INSERT INTO dbo.tbl_favorito ( id_usuario, cod_ejemplar) VALUES (1, 1)
INSERT INTO dbo.tbl_favorito ( id_usuario, cod_ejemplar) VALUES (2, 2)
INSERT INTO dbo.tbl_favorito ( id_usuario, cod_ejemplar) VALUES (3, 3)
INSERT INTO dbo.tbl_favorito ( id_usuario, cod_ejemplar) VALUES (4, 4)
INSERT INTO dbo.tbl_favorito ( id_usuario, cod_ejemplar) VALUES (5, 5)
INSERT INTO dbo.tbl_favorito ( id_usuario, cod_ejemplar) VALUES (6, 6)
INSERT INTO dbo.tbl_favorito ( id_usuario, cod_ejemplar) VALUES (7 ,7)
INSERT INTO dbo.tbl_favorito ( id_usuario, cod_ejemplar) VALUES (8, 8)
INSERT INTO dbo.tbl_favorito ( id_usuario, cod_ejemplar) VALUES (9, 9)
INSERT INTO dbo.tbl_favorito ( id_usuario, cod_ejemplar) VALUES (10, 10)
INSERT INTO dbo.tbl_favorito (id_usuario, cod_ejemplar) VALUES (11, 11)
INSERT INTO dbo.tbl_favorito ( id_usuario, cod_ejemplar) VALUES (12, 12)
INSERT INTO dbo.tbl_favorito ( id_usuario, cod_ejemplar) VALUES (13, 13)
INSERT INTO dbo.tbl_favorito ( id_usuario, cod_ejemplar) VALUES (14, 14)
INSERT INTO dbo.tbl_favorito ( id_usuario, cod_ejemplar) VALUES (15, 15)
INSERT INTO dbo.tbl_favorito ( id_usuario, cod_ejemplar) VALUES (16, 16)
INSERT INTO dbo.tbl_favorito ( id_usuario, cod_ejemplar) VALUES (17, 17)
INSERT INTO dbo.tbl_favorito ( id_usuario, cod_ejemplar) VALUES (18, 18)
INSERT INTO dbo.tbl_favorito ( id_usuario, cod_ejemplar) VALUES (19, 19)
INSERT INTO dbo.tbl_favorito ( id_usuario, cod_ejemplar) VALUES (20, 20)
go

-- INSERCION DE DATOS A LA TABLA RESERVA
INSERT INTO dbo.tbl_reserva ( id_usuario, cod_ejemplar, fecha_reserva, periodo_reserva) VALUES (1, 1, '04/01/2018', 2)
INSERT INTO dbo.tbl_reserva ( id_usuario, cod_ejemplar, fecha_reserva, periodo_reserva) VALUES (2, 2, '04/02/2018', 2)
INSERT INTO dbo.tbl_reserva (id_usuario, cod_ejemplar, fecha_reserva, periodo_reserva) VALUES (3, 3, '04/03/2018', 2)
INSERT INTO dbo.tbl_reserva ( id_usuario, cod_ejemplar, fecha_reserva, periodo_reserva) VALUES (4, 4, '04/04/2018', 2)
INSERT INTO dbo.tbl_reserva ( id_usuario, cod_ejemplar, fecha_reserva, periodo_reserva) VALUES (5, 5,'04/05/2018', 2)
INSERT INTO dbo.tbl_reserva ( id_usuario, cod_ejemplar, fecha_reserva, periodo_reserva) VALUES (6, 6, '05/06/2018', 2)
INSERT INTO dbo.tbl_reserva ( id_usuario, cod_ejemplar, fecha_reserva, periodo_reserva) VALUES (7, 7, '05/07/2018', 2)
INSERT INTO dbo.tbl_reserva ( id_usuario, cod_ejemplar, fecha_reserva, periodo_reserva) VALUES (8, 8, '05/08/2018', 2)
INSERT INTO dbo.tbl_reserva ( id_usuario, cod_ejemplar, fecha_reserva, periodo_reserva) VALUES (9, 9, '05/09/2018', 2)
INSERT INTO dbo.tbl_reserva ( id_usuario, cod_ejemplar, fecha_reserva, periodo_reserva) VALUES (10, 10, '05/10/2018', 2)
INSERT INTO dbo.tbl_reserva ( id_usuario, cod_ejemplar, fecha_reserva, periodo_reserva) VALUES (11, 11, '06/11/2018', 2)
INSERT INTO dbo.tbl_reserva ( id_usuario, cod_ejemplar, fecha_reserva, periodo_reserva) VALUES (12, 12, '06/12/2018', 2)
INSERT INTO dbo.tbl_reserva ( id_usuario, cod_ejemplar, fecha_reserva, periodo_reserva) VALUES (13, 13, '06/01/2018', 2)
INSERT INTO dbo.tbl_reserva ( id_usuario, cod_ejemplar, fecha_reserva, periodo_reserva) VALUES (14, 14, '06/02/2018', 2)
INSERT INTO dbo.tbl_reserva ( id_usuario, cod_ejemplar, fecha_reserva, periodo_reserva) VALUES (15, 15, '06/03/2018', 2)
INSERT INTO dbo.tbl_reserva ( id_usuario, cod_ejemplar, fecha_reserva, periodo_reserva) VALUES (16, 16, '07/04/2018', 2)
INSERT INTO dbo.tbl_reserva ( id_usuario, cod_ejemplar, fecha_reserva, periodo_reserva) VALUES (17, 17, '07/05/2018', 2)
INSERT INTO dbo.tbl_reserva ( id_usuario, cod_ejemplar, fecha_reserva, periodo_reserva) VALUES (18, 18, '07/06/2018', 2)
INSERT INTO dbo.tbl_reserva ( id_usuario, cod_ejemplar, fecha_reserva, periodo_reserva) VALUES (19, 19, '07/07/2018', 2)
INSERT INTO dbo.tbl_reserva ( id_usuario, cod_ejemplar, fecha_reserva, periodo_reserva) VALUES (20, 20, '07/08/2018', 2)
go


-- INSERCION DE DATOS A LA TABLA PRESTAMO
INSERT INTO dbo.tbl_prestamo (cod_reserva, fecha_prestamo, fecha_entrega) VALUES ('1','26/05/2018','06/01/2018')
INSERT INTO dbo.tbl_prestamo (cod_reserva, fecha_prestamo, fecha_entrega) VALUES ('6','15/01/2018','18/01/2018')
INSERT INTO dbo.tbl_prestamo (cod_reserva, fecha_prestamo, fecha_entrega) VALUES ('8','01/01/2018','04/01/2018')
INSERT INTO dbo.tbl_prestamo (cod_reserva, fecha_prestamo, fecha_entrega) VALUES ('5','06/03/2018','09/03/2018')
INSERT INTO dbo.tbl_prestamo (cod_reserva, fecha_prestamo, fecha_entrega) VALUES ('4','09/06/2018','12/06/2018')
INSERT INTO dbo.tbl_prestamo (cod_reserva, fecha_prestamo, fecha_entrega) VALUES ('15','07/07/2018','10/07/2018')
INSERT INTO dbo.tbl_prestamo (cod_reserva, fecha_prestamo, fecha_entrega) VALUES ('3','16/07/2018','19/07/2018')
INSERT INTO dbo.tbl_prestamo (cod_reserva, fecha_prestamo, fecha_entrega) VALUES ('9','28/04/2018','02/05/2018')
INSERT INTO dbo.tbl_prestamo (cod_reserva, fecha_prestamo, fecha_entrega) VALUES ('16','04/03/2018','07/03/2018')
INSERT INTO dbo.tbl_prestamo (cod_reserva, fecha_prestamo, fecha_entrega) VALUES ('12','05/01/2018','08/01/2018')
INSERT INTO dbo.tbl_prestamo (cod_reserva, fecha_prestamo, fecha_entrega) VALUES ('18','09/05/2018','12/05/2018')
INSERT INTO dbo.tbl_prestamo (cod_reserva, fecha_prestamo, fecha_entrega) VALUES ('7','05/06/2018','08/06/2018')
INSERT INTO dbo.tbl_prestamo (cod_reserva, fecha_prestamo, fecha_entrega) VALUES ('14','04/10/2018','07/10/2018')
INSERT INTO dbo.tbl_prestamo (cod_reserva, fecha_prestamo, fecha_entrega) VALUES ('11','03/07/2018','07/07/2018')
INSERT INTO dbo.tbl_prestamo (cod_reserva, fecha_prestamo, fecha_entrega) VALUES ('2','05/02/2018','08/02/2018')
INSERT INTO dbo.tbl_prestamo (cod_reserva, fecha_prestamo, fecha_entrega) VALUES ('10','06/09/2018','09/09/2018')
INSERT INTO dbo.tbl_prestamo (cod_reserva, fecha_prestamo, fecha_entrega) VALUES ('19','08/01/2018','11/01/2018')
INSERT INTO dbo.tbl_prestamo (cod_reserva, fecha_prestamo, fecha_entrega) VALUES ('20','02/06/2018','05/06/2018')
INSERT INTO dbo.tbl_prestamo (cod_reserva, fecha_prestamo, fecha_entrega) VALUES ('1','05/05/2018','08/05/2018')
INSERT INTO dbo.tbl_prestamo (cod_reserva, fecha_prestamo, fecha_entrega) VALUES ('17','09/04/2018','12/04/2018')
go
select *from tbl_prestamo

-- INSERCION DE DATOS A LA TABLA HISTORIAL

INSERT INTO dbo.tbl_historial (cod_prestamo, cod_reserva, id_usuario, cod_ejemplar, fecha) VALUES (6,8,2,3,'18/01/2018')
INSERT INTO dbo.tbl_historial (cod_prestamo, cod_reserva, id_usuario, cod_ejemplar, fecha) VALUES (8,4,3,9,'04/01/2018')
INSERT INTO dbo.tbl_historial (cod_prestamo, cod_reserva, id_usuario, cod_ejemplar, fecha) VALUES (5,2,2,7,'09/03/2018')
INSERT INTO dbo.tbl_historial (cod_prestamo, cod_reserva, id_usuario, cod_ejemplar, fecha) VALUES  (4,19,4,12,'12/06/2018')
INSERT INTO dbo.tbl_historial (cod_prestamo, cod_reserva, id_usuario, cod_ejemplar, fecha) VALUES (15,18,3,6,'10/07/2018')
INSERT INTO dbo.tbl_historial (cod_prestamo, cod_reserva, id_usuario, cod_ejemplar, fecha) VALUES (3,15,2,7,'19/07/2018')
INSERT INTO dbo.tbl_historial (cod_prestamo, cod_reserva, id_usuario, cod_ejemplar, fecha) VALUES (9,20,3,9,'02/05/2018')
INSERT INTO dbo.tbl_historial (cod_prestamo, cod_reserva, id_usuario, cod_ejemplar, fecha) VALUES(16,14,4,18,'07/03/2018')
INSERT INTO dbo.tbl_historial (cod_prestamo, cod_reserva, id_usuario, cod_ejemplar, fecha) VALUES (12,19,3,9,'08/01/2018')
INSERT INTO dbo.tbl_historial (cod_prestamo, cod_reserva, id_usuario, cod_ejemplar, fecha) VALUES(18,13,4,13,'12/05/2018')
INSERT INTO dbo.tbl_historial (cod_prestamo, cod_reserva, id_usuario, cod_ejemplar, fecha) VALUES  (7,5,1,18,'08/06/2018')
INSERT INTO dbo.tbl_historial (cod_prestamo, cod_reserva, id_usuario, cod_ejemplar, fecha) VALUES (14,10,2,9,'07/10/2018')
INSERT INTO dbo.tbl_historial (cod_prestamo, cod_reserva, id_usuario, cod_ejemplar, fecha) VALUES  (11,7,2,6,'07/07/2018')
INSERT INTO dbo.tbl_historial (cod_prestamo, cod_reserva, id_usuario, cod_ejemplar, fecha) VALUES  (2,5,4,14,'08/02/2018')
INSERT INTO dbo.tbl_historial (cod_prestamo, cod_reserva, id_usuario, cod_ejemplar, fecha) VALUES  (10,12,3,19,'09/09/2018')
INSERT INTO dbo.tbl_historial (cod_prestamo, cod_reserva, id_usuario, cod_ejemplar, fecha) VALUES  (19,19,4,6,'11/01/2018')
INSERT INTO dbo.tbl_historial (cod_prestamo, cod_reserva, id_usuario, cod_ejemplar, fecha) VALUES (13,20,2,1,'05/06/2018')
INSERT INTO dbo.tbl_historial (cod_prestamo, cod_reserva, id_usuario, cod_ejemplar, fecha) VALUES (17,1,3,12,'08/05/2018')
INSERT INTO dbo.tbl_historial (cod_prestamo, cod_reserva, id_usuario, cod_ejemplar, fecha) VALUES (20,17,4,6,'12/04/2018')

go

select *from tbl_historial

-- INSERCION DE DATOS A LA TABLA RANKING

INSERT INTO dbo.tbl_ranking (cod_ejemplar,num_prestamo,num_puesto) VALUES ('1','14','6')
INSERT INTO dbo.tbl_ranking (cod_ejemplar,num_prestamo,num_puesto) VALUES ('15','19','1')
INSERT INTO dbo.tbl_ranking (cod_ejemplar,num_prestamo,num_puesto) VALUES ('14','15','5')
INSERT INTO dbo.tbl_ranking (cod_ejemplar,num_prestamo,num_puesto) VALUES ('16','12','10')
INSERT INTO dbo.tbl_ranking (cod_ejemplar,num_prestamo,num_puesto) VALUES ('3','8','14')
INSERT INTO dbo.tbl_ranking (cod_ejemplar,num_prestamo,num_puesto) VALUES ('9','11','11')
INSERT INTO dbo.tbl_ranking (cod_ejemplar,num_prestamo,num_puesto) VALUES ('5','16','4')
INSERT INTO dbo.tbl_ranking (cod_ejemplar,num_prestamo,num_puesto) VALUES ('6','7','15')
INSERT INTO dbo.tbl_ranking (cod_ejemplar,num_prestamo,num_puesto) VALUES ('13','9','13')
INSERT INTO dbo.tbl_ranking (cod_ejemplar,num_prestamo,num_puesto) VALUES ('4','6','16')
INSERT INTO dbo.tbl_ranking (cod_ejemplar,num_prestamo,num_puesto) VALUES ('7','4','18')
INSERT INTO dbo.tbl_ranking (cod_ejemplar,num_prestamo,num_puesto) VALUES ('20','2','20')
INSERT INTO dbo.tbl_ranking (cod_ejemplar,num_prestamo,num_puesto) VALUES ('8','15','7')
INSERT INTO dbo.tbl_ranking (cod_ejemplar,num_prestamo,num_puesto) VALUES ('17','3','19')
INSERT INTO dbo.tbl_ranking (cod_ejemplar,num_prestamo,num_puesto) VALUES ('19','5','17')
INSERT INTO dbo.tbl_ranking (cod_ejemplar,num_prestamo,num_puesto) VALUES ('10','18','2')
INSERT INTO dbo.tbl_ranking (cod_ejemplar,num_prestamo,num_puesto) VALUES ('12','14','8')
INSERT INTO dbo.tbl_ranking (cod_ejemplar,num_prestamo,num_puesto) VALUES ('2','13','9')
INSERT INTO dbo.tbl_ranking (cod_ejemplar,num_prestamo,num_puesto) VALUES ('11','10','12')
INSERT INTO dbo.tbl_ranking (cod_ejemplar,num_prestamo,num_puesto) VALUES ('18','17','3')
go


